{
	"info": {
		"_postman_id": "23f26874-e751-4555-878a-441b8cca4d10",
		"name": "11-Dars",
		"schema": "https://schema.getpostman.com/json/collection/v2.1.0/collection.json",
		"_exporter_id": "34979734",
		"_collection_link": "https://interstellar-desert-781666.postman.co/workspace/My-Workspace~8829b272-cc3a-4c9d-8017-804bbfb823d0/collection/34979734-23f26874-e751-4555-878a-441b8cca4d10?action=share&source=collection_link&creator=34979734"
	},
	"item": [
		{
			"name": "Sports",
			"item": [
				{
					"name": "Get",
					"request": {
						"method": "GET",
						"header": [],
						"url": {
							"raw": "http://localhost:9000/sports/all",
							"protocol": "http",
							"host": [
								"localhost"
							],
							"port": "9000",
							"path": [
								"sports",
								"all"
							]
						}
					},
					"response": []
				},
				{
					"name": "Post",
					"request": {
						"method": "POST",
						"header": [],
						"body": {
							"mode": "raw",
							"raw": "{\r\n    \"name\": \"Shaxmat\"\r\n}",
							"options": {
								"raw": {
									"language": "json"
								}
							}
						},
						"url": {
							"raw": "http://localhost:9000/sports/create",
							"protocol": "http",
							"host": [
								"localhost"
							],
							"port": "9000",
							"path": [
								"sports",
								"create"
							]
						}
					},
					"response": []
				},
				{
					"name": "Patch",
					"request": {
						"method": "PATCH",
						"header": [],
						"body": {
							"mode": "raw",
							"raw": "{\r\n    \"id\": 5,\r\n    \"name\": \"shashka\"\r\n}",
							"options": {
								"raw": {
									"language": "json"
								}
							}
						},
						"url": {
							"raw": "http://localhost:9000/sports/update",
							"protocol": "http",
							"host": [
								"localhost"
							],
							"port": "9000",
							"path": [
								"sports",
								"update"
							]
						}
					},
					"response": []
				},
				{
					"name": "Delete",
					"request": {
						"method": "DELETE",
						"header": [],
						"url": {
							"raw": "http://localhost:9000/sports/delete/5",
							"protocol": "http",
							"host": [
								"localhost"
							],
							"port": "9000",
							"path": [
								"sports",
								"delete",
								"5"
							]
						}
					},
					"response": []
				}
			]
		},
		{
			"name": "Tournament",
			"item": [
				{
					"name": "Get",
					"request": {
						"method": "GET",
						"header": [],
						"url": {
							"raw": "http://localhost:9000/tournament/all",
							"protocol": "http",
							"host": [
								"localhost"
							],
							"port": "9000",
							"path": [
								"tournament",
								"all"
							]
						}
					},
					"response": []
				},
				{
					"name": "Post",
					"request": {
						"method": "POST",
						"header": [],
						"body": {
							"mode": "raw",
							"raw": "{\r\n    \"name\": \"Uzbekistan\",\r\n    \"year\": 2028\r\n}",
							"options": {
								"raw": {
									"language": "json"
								}
							}
						},
						"url": {
							"raw": "http://localhost:9000/tournament/create",
							"protocol": "http",
							"host": [
								"localhost"
							],
							"port": "9000",
							"path": [
								"tournament",
								"create"
							]
						}
					},
					"response": []
				},
				{
					"name": "Update",
					"request": {
						"method": "PATCH",
						"header": [],
						"body": {
							"mode": "raw",
							"raw": "{\r\n    \"id\": 5,\r\n    \"name\": \"Turkey\",\r\n    \"year\": 2032\r\n}",
							"options": {
								"raw": {
									"language": "json"
								}
							}
						},
						"url": {
							"raw": "http://localhost:9000/tournament/update",
							"protocol": "http",
							"host": [
								"localhost"
							],
							"port": "9000",
							"path": [
								"tournament",
								"update"
							]
						}
					},
					"response": []
				},
				{
					"name": "Delete",
					"request": {
						"method": "DELETE",
						"header": [],
						"url": {
							"raw": "http://localhost:9000/tournament/delete/5",
							"protocol": "http",
							"host": [
								"localhost"
							],
							"port": "9000",
							"path": [
								"tournament",
								"delete",
								"5"
							]
						}
					},
					"response": []
				}
			]
		},
		{
			"name": "Teams",
			"item": [
				{
					"name": "New Request",
					"request": {
						"method": "GET",
						"header": [],
						"url": {
							"raw": "http://localhost:9000/teams/all",
							"protocol": "http",
							"host": [
								"localhost"
							],
							"port": "9000",
							"path": [
								"teams",
								"all"
							]
						}
					},
					"response": []
				},
				{
					"name": "New Request",
					"request": {
						"method": "POST",
						"header": [],
						"body": {
							"mode": "raw",
							"raw": "{\r\n    \"name\": \"F15\",\r\n    \"year\": 2024\r\n}",
							"options": {
								"raw": {
									"language": "json"
								}
							}
						},
						"url": {
							"raw": "http://localhost:9000/teams/create",
							"protocol": "http",
							"host": [
								"localhost"
							],
							"port": "9000",
							"path": [
								"teams",
								"create"
							]
						}
					},
					"response": []
				},
				{
					"name": "New Request",
					"request": {
						"method": "PATCH",
						"header": [],
						"body": {
							"mode": "raw",
							"raw": "{\r\n    \"id\": 5,\r\n    \"name\": \"M55\",\r\n    \"year\": 2022\r\n}",
							"options": {
								"raw": {
									"language": "json"
								}
							}
						},
						"url": {
							"raw": "http://localhost:9000/teams/update",
							"protocol": "http",
							"host": [
								"localhost"
							],
							"port": "9000",
							"path": [
								"teams",
								"update"
							]
						}
					},
					"response": []
				},
				{
					"name": "New Request",
					"request": {
						"method": "DELETE",
						"header": [],
						"url": {
							"raw": "http://localhost:9000/teams/delete/5",
							"protocol": "http",
							"host": [
								"localhost"
							],
							"port": "9000",
							"path": [
								"teams",
								"delete",
								"5"
							]
						}
					},
					"response": []
				}
			]
		},
		{
			"name": "SportTournament",
			"item": [
				{
					"name": "Post",
					"request": {
						"method": "POST",
						"header": [],
						"body": {
							"mode": "raw",
							"raw": "{\r\n    \"sportId\": 4,\r\n    \"tournamentId\": 4\r\n}",
							"options": {
								"raw": {
									"language": "json"
								}
							}
						},
						"url": {
							"raw": "http://localhost:9000/sport-tournament/create",
							"protocol": "http",
							"host": [
								"localhost"
							],
							"port": "9000",
							"path": [
								"sport-tournament",
								"create"
							]
						}
					},
					"response": []
				}
			]
		},
		{
			"name": "TournamentTeam",
			"item": [
				{
					"name": "Post",
					"request": {
						"method": "POST",
						"header": [],
						"body": {
							"mode": "raw",
							"raw": "{\r\n    \"tournamentId\": 4,\r\n    \"teamId\": 4\r\n}",
							"options": {
								"raw": {
									"language": "json"
								}
							}
						},
						"url": {
							"raw": "http://localhost:9000/tournament-team/create",
							"protocol": "http",
							"host": [
								"localhost"
							],
							"port": "9000",
							"path": [
								"tournament-team",
								"create"
							]
						}
					},
					"response": []
				}
			]
		}
	]
}